date1,Social Fear and Greed Index
29/08/2018,82.50847305
30/08/2018,57.89582492
31/08/2018,86.06002172
01/09/2018,78.79717447
02/09/2018,12.23304628
03/09/2018,28.15514021
04/09/2018,68.63475845
05/09/2018,14.65831551
06/09/2018,6.108585199
07/09/2018,46.9942046
08/09/2018,43.31549589
09/09/2018,72.14967493
10/09/2018,75.03757753
11/09/2018,39.28140678
12/09/2018,27.72735499
13/09/2018,54.01481599
14/09/2018,45.6909428
15/09/2018,59.97338695
16/09/2018,51.00854012
17/09/2018,27.79468817
18/09/2018,43.96948471
19/09/2018,35.20514909
20/09/2018,68.2109559
21/09/2018,77.06186527
22/09/2018,65.53565105
23/09/2018,72.83338107
24/09/2018,72.94873034
25/09/2018,77.69429288
26/09/2018,74.270369
27/09/2018,63.33614746
28/09/2018,65.47151575
29/09/2018,47.82580698
30/09/2018,47.85781293
01/10/2018,69.62496919
02/10/2018,59.21091579
03/10/2018,37.88323687
04/10/2018,62.92709503
05/10/2018,95.16935872
06/10/2018,98.24417357
07/10/2018,72.55286934
08/10/2018,76.16313579
09/10/2018,62.61807286
10/10/2018,59.02364318
11/10/2018,48.17794502
12/10/2018,69.87265801
13/10/2018,72.23054415
14/10/2018,80.95210134
15/10/2018,67.25957891
16/10/2018,45.98847402
17/10/2018,90.28003085
18/10/2018,95.03349951
19/10/2018,92.54280705
20/10/2018,91.49463104
21/10/2018,89.84496619
22/10/2018,83.60049306
23/10/2018,97.68430407
24/10/2018,99.81799794
25/10/2018,67.28857791
26/10/2018,79.12555986
27/10/2018,60.92240966
28/10/2018,49.25112609
29/10/2018,52.81195988
30/10/2018,81.25270065
31/10/2018,86.71490664
01/11/2018,61.3432937
02/11/2018,47.41519562
03/11/2018,43.79527092
04/11/2018,51.31825195
05/11/2018,38.78293139
06/11/2018,43.04177573
07/11/2018,48.67437457
08/11/2018,60.94811054
09/11/2018,81.3139055
10/11/2018,87.30097195
11/11/2018,58.91430539
12/11/2018,51.70794639
13/11/2018,28.96972192
14/11/2018,0.283024465
15/11/2018,0.088610772
16/11/2018,0.162639169
17/11/2018,0.597971586
18/11/2018,7.122659197
19/11/2018,0.072741213
20/11/2018,0.02146403
21/11/2018,0.061834321
22/11/2018,10.71394043
23/11/2018,6.165409698
24/11/2018,0.3355519
25/11/2018,0.021453193
26/11/2018,0.527094379
27/11/2018,11.31364778
28/11/2018,25.7755269
29/11/2018,12.87438669
30/11/2018,22.79878776
01/12/2018,22.97720602
02/12/2018,17.68064754
03/12/2018,23.92661791
04/12/2018,54.25923175
05/12/2018,35.60857694
06/12/2018,12.40220128
07/12/2018,0.791871575
08/12/2018,6.530388812
09/12/2018,17.47986241
10/12/2018,23.59953711
11/12/2018,20.20265752
12/12/2018,7.577998863
13/12/2018,23.80626339
14/12/2018,6.50656622
15/12/2018,2.59337774
16/12/2018,10.91791848
17/12/2018,67.43823949
18/12/2018,57.64952524
19/12/2018,44.47165004
20/12/2018,47.27127776
21/12/2018,31.45370123
22/12/2018,21.7526696
23/12/2018,32.19901131
24/12/2018,35.51379898
25/12/2018,12.52047549
26/12/2018,32.83531558
27/12/2018,24.16414254
28/12/2018,14.90565422
29/12/2018,69.66241437
30/12/2018,50.51715581
31/12/2018,43.39451386
01/01/2019,72.21258313
02/01/2019,30.67353993
03/01/2019,52.22550092
04/01/2019,64.64372773
05/01/2019,65.32828474
06/01/2019,76.27083308
07/01/2019,43.41558979
08/01/2019,13.11509859
09/01/2019,9.857906032
10/01/2019,6.702522767
11/01/2019,13.75837898
12/01/2019,20.78080368
13/01/2019,13.40224684
14/01/2019,21.5993539
15/01/2019,56.99304196
16/01/2019,44.78397365
17/01/2019,60.24737818
18/01/2019,55.8118917
19/01/2019,89.02843977
20/01/2019,54.44509291
21/01/2019,43.43666759
22/01/2019,72.00111739
23/01/2019,91.58598794
24/01/2019,74.46869202
25/01/2019,83.06858097
26/01/2019,47.21798379
27/01/2019,46.08947401
28/01/2019,81.40727341
29/01/2019,55.01797676
30/01/2019,51.07262403
31/01/2019,40.96396437
01/02/2019,58.34569519
02/02/2019,42.17027397
03/02/2019,38.22499031
04/02/2019,56.25021086
05/02/2019,23.44719878
06/02/2019,2.107304031
07/02/2019,12.23576167
08/02/2019,49.67311516
09/02/2019,59.60557378
10/02/2019,59.00802777
11/02/2019,42.51109267
12/02/2019,55.62155261
13/02/2019,45.96721413
14/02/2019,36.39509921
15/02/2019,29.87879618
16/02/2019,45.27162553
17/02/2019,78.26552118
18/02/2019,93.57059191
19/02/2019,58.6380513
20/02/2019,39.36380111
21/02/2019,16.30901388
22/02/2019,37.2532487
23/02/2019,83.93268114
24/02/2019,26.52918418
25/02/2019,26.23161985
26/02/2019,78.10769975
27/02/2019,42.97339737
28/02/2019,75.39337384
01/03/2019,91.8475642
02/03/2019,99.69028588
03/03/2019,96.80580482
04/03/2019,63.92432567
05/03/2019,94.77270569
06/03/2019,94.92123318
07/03/2019,75.57024653
08/03/2019,79.97271458
09/03/2019,60.73207554
10/03/2019,63.07876919
11/03/2019,71.65299649
12/03/2019,43.81638141
13/03/2019,69.24938907
14/03/2019,58.74234914
15/03/2019,67.21122411
16/03/2019,81.23828153
17/03/2019,53.44571211
18/03/2019,57.14552534
19/03/2019,82.47739882
20/03/2019,61.89559165
21/03/2019,56.79307851
22/03/2019,67.56354585
23/03/2019,69.96588852
24/03/2019,69.26351014
25/03/2019,44.69394806
26/03/2019,29.95319551
27/03/2019,79.40899259
28/03/2019,76.85836485
29/03/2019,85.24499306
30/03/2019,69.04667432
31/03/2019,93.67763803
01/04/2019,89.79973818
02/04/2019,80.41990555
03/04/2019,82.03868871
04/04/2019,80.34208761
05/04/2019,75.98859923
06/04/2019,86.35797489
07/04/2019,76.60873677
08/04/2019,53.22212628
09/04/2019,34.92224717
10/04/2019,64.20969525
11/04/2019,52.59876589
12/04/2019,53.15290021
13/04/2019,40.29912109
14/04/2019,72.93986601
15/04/2019,39.02423548
16/04/2019,39.5957895
17/04/2019,70.49941477
18/04/2019,76.49365571
19/04/2019,70.69317349
20/04/2019,69.63433242
21/04/2019,32.26145038
22/04/2019,91.86773866
23/04/2019,86.8895151
24/04/2019,34.6846613
25/04/2019,22.82712025
26/04/2019,5.166934428
27/04/2019,37.56782848
28/04/2019,51.53713932
29/04/2019,43.06808067
30/04/2019,65.64408596
01/05/2019,68.23960279
02/05/2019,45.12843299
03/05/2019,61.38940812
04/05/2019,57.52363918
05/05/2019,57.84868475
06/05/2019,61.25101685
07/05/2019,55.18222798
08/05/2019,24.21849355
09/05/2019,26.9212157
10/05/2019,39.64739288
11/05/2019,54.98617617
12/05/2019,49.12828217
13/05/2019,49.14964577
14/05/2019,84.18296037
15/05/2019,77.01718143
16/05/2019,36.50578077
17/05/2019,6.363374173
18/05/2019,23.41433244
19/05/2019,41.14100949
20/05/2019,36.61153635
21/05/2019,19.9060141
22/05/2019,22.78665133
23/05/2019,36.52591681
24/05/2019,44.77867728
25/05/2019,44.66218082
26/05/2019,65.93916167
27/05/2019,55.29873967
28/05/2019,59.39278489
29/05/2019,79.08323254
30/05/2019,30.50915476
31/05/2019,14.75383042
01/06/2019,51.07262403
02/06/2019,2.890764283
03/06/2019,14.72605743
04/06/2019,1.130171249
05/06/2019,11.8756613
06/06/2019,18.65596605
07/06/2019,31.92583474
08/06/2019,13.66728008
09/06/2019,4.123415101
10/06/2019,47.19133866
11/06/2019,68.21573114
12/06/2019,54.24860826
13/06/2019,79.59161394
14/06/2019,48.97340393
15/06/2019,58.68499292
16/06/2019,61.07654299
17/06/2019,76.76441766
18/06/2019,46.86104731
19/06/2019,59.71963654
20/06/2019,67.64055884
21/06/2019,36.09381916
22/06/2019,47.88982027
23/06/2019,58.43449575
24/06/2019,68.08669357
25/06/2019,87.13860548
26/06/2019,36.41521472
27/06/2019,13.49794674
28/06/2019,49.30453878
29/06/2019,70.60098104
30/06/2019,50.41566203
01/07/2019,24.04313699
02/07/2019,18.17481401
03/07/2019,38.24031441
04/07/2019,43.04703647
05/07/2019,51.4036765
06/07/2019,53.8181101
07/07/2019,66.16472874
08/07/2019,44.35527712
09/07/2019,86.66596125
10/07/2019,52.48680885
11/07/2019,1.52177659
12/07/2019,9.136322356
13/07/2019,0.70058371
14/07/2019,9.436766015
15/07/2019,3.943366444
16/07/2019,15.98128088
17/07/2019,8.458806957
18/07/2019,7.813826302
19/07/2019,34.2162181
20/07/2019,32.3095145
21/07/2019,23.81040802
22/07/2019,64.89728247
23/07/2019,27.14272595
24/07/2019,20.78080368
25/07/2019,41.09933544
26/07/2019,30.72999038
27/07/2019,16.04321631
28/07/2019,21.91452288
29/07/2019,28.21845036
30/07/2019,34.93711604
31/07/2019,46.20113492
01/08/2019,53.82874528
02/08/2019,52.82261751
03/08/2019,95.62656831
04/08/2019,99.25310436
05/08/2019,84.53285362
06/08/2019,56.4400902
07/08/2019,75.28776724
08/08/2019,63.4923014
09/08/2019,73.31091381
10/08/2019,52.31083703
11/08/2019,60.59817323
12/08/2019,52.44948543
13/08/2019,64.37454819
14/08/2019,56.1393811
15/08/2019,30.61243695
16/08/2019,67.24024046
17/08/2019,82.05272124
18/08/2019,67.83755942
19/08/2019,74.5288922
20/08/2019,47.66579867
21/08/2019,66.03730495
22/08/2019,84.97157207
23/08/2019,84.07276463
24/08/2019,60.41772238
25/08/2019,70.43469763
26/08/2019,75.01631335
27/08/2019,24.06814551
28/08/2019,28.61796113
29/08/2019,6.007333575
30/08/2019,14.92742823
31/08/2019,32.62747575
01/09/2019,54.83242859
02/09/2019,37.45103181
03/09/2019,39.31744842
04/09/2019,61.64019174
05/09/2019,31.71085908
06/09/2019,51.79333838
07/09/2019,24.78256969
08/09/2019,23.30359711
09/09/2019,14.21707125
10/09/2019,30.48570313
11/09/2019,3.050698438
12/09/2019,25.60717545
13/09/2019,40.94835153
14/09/2019,71.67566459
15/09/2019,57.9953058
16/09/2019,64.3445948
17/09/2019,48.54624095
18/09/2019,54.60963172
19/09/2019,38.58815019
20/09/2019,50.45839662
21/09/2019,43.24176988
22/09/2019,19.56758323
23/09/2019,36.19415108
24/09/2019,10.23038123
25/09/2019,7.048252802
26/09/2019,11.46335685
27/09/2019,32.86920053
28/09/2019,42.98391575
29/09/2019,11.83051769
30/09/2019,15.79641436
01/10/2019,22.43227043
02/10/2019,28.27277069
03/10/2019,47.1646948
04/10/2019,91.4800287
05/10/2019,78.50884143
06/10/2019,66.58488359
07/10/2019,18.35210589
08/10/2019,76.80937537
09/10/2019,88.04068687
10/10/2019,80.981203
11/10/2019,76.27496994
12/10/2019,74.49020062
13/10/2019,51.64923484
14/10/2019,53.07301213
15/10/2019,64.36955657
16/10/2019,37.16207708
17/10/2019,36.47055166
18/10/2019,30.39666008
19/10/2019,78.15511527
20/10/2019,87.99787633
21/10/2019,81.73886915
22/10/2019,82.0632411
23/10/2019,37.80685345
24/10/2019,54.65738636
25/10/2019,46.14264208
26/10/2019,42.58982367
27/10/2019,72.56625939
28/10/2019,61.35866695
29/10/2019,81.73177715
30/10/2019,73.20075211
31/10/2019,88.55120822
01/11/2019,86.30813165
02/11/2019,74.00614581
03/11/2019,75.67520164
04/11/2019,82.47739882
05/11/2019,81.18053653
06/11/2019,42.39567464
07/11/2019,26.1444274
08/11/2019,20.01835313
09/11/2019,35.48388767
10/11/2019,33.84809837
11/11/2019,41.07850218
12/11/2019,59.89575242
13/11/2019,75.41446607
14/11/2019,76.40714008
15/11/2019,54.28578914
16/11/2019,0.468336854
17/11/2019,65.75731223
18/11/2019,78.86309216
19/11/2019,39.82814699
20/11/2019,80.5418125
21/11/2019,16.90310806
22/11/2019,7.747551284
23/11/2019,16.22338597
24/11/2019,6.163780433
25/11/2019,13.72306584
26/11/2019,13.87653714
27/11/2019,61.9108993
28/11/2019,82.33886789
29/11/2019,60.76295811
30/11/2019,54.05201971
01/12/2019,33.29151017
02/12/2019,67.82796121
03/12/2019,55.8224622
04/12/2019,54.77939525
05/12/2019,85.7033259
06/12/2019,90.82098636
07/12/2019,96.03218428
08/12/2019,97.97442129
09/12/2019,93.55879879
10/12/2019,30.38261126
11/12/2019,68.23960279
12/12/2019,63.30589851
13/12/2019,76.10503426
14/12/2019,59.55888813
15/12/2019,35.18030006
16/12/2019,31.59645667
17/12/2019,11.62756327
18/12/2019,0.468336854
19/12/2019,0.468336854
20/12/2019,77.41757779
21/12/2019,58.1208928
22/12/2019,65.28378903
23/12/2019,90.93738208
24/12/2019,66.37994724
25/12/2019,41.54784847
26/12/2019,58.9976167
27/12/2019,51.44104774
28/12/2019,77.91347303
29/12/2019,50.6667193
30/12/2019,64.86748665
31/12/2019,68.73440197
01/01/2020,83.24374529
02/01/2020,43.74250244
03/01/2020,33.53030344
04/01/2020,47.45251324
05/01/2020,39.49263752
06/01/2020,55.08156823
07/01/2020,84.66313092
08/01/2020,82.10178077
09/01/2020,86.4514604
10/01/2020,91.52793736
11/01/2020,52.6147581
12/01/2020,29.22221547
13/01/2020,37.84758536
14/01/2020,79.10247849
15/01/2020,70.87715492
16/01/2020,52.10814718
17/01/2020,36.60649806
18/01/2020,19.63424703
19/01/2020,20.21774748
20/01/2020,53.5574647
21/01/2020,32.05511305
22/01/2020,32.49242713
23/01/2020,21.36081207
24/01/2020,63.45706027
25/01/2020,98.08389427
26/01/2020,84.15707708
27/01/2020,77.55417212
28/01/2020,89.51799563
29/01/2020,84.35373577
30/01/2020,65.21453161
31/01/2020,55.4628374
01/02/2020,56.47172246
02/02/2020,74.18389252
03/02/2020,80.63385803
04/02/2020,93.72733578
05/02/2020,84.91836543
06/02/2020,85.0215345
07/02/2020,83.25045899
08/02/2020,67.14831972
09/02/2020,78.94821899
10/02/2020,72.6999822
11/02/2020,77.46584116
12/02/2020,79.42806075
13/02/2020,75.77572879
14/02/2020,92.57671899
15/02/2020,52.99843876
16/02/2020,38.98826951
17/02/2020,33.21854489
18/02/2020,61.38940812
19/02/2020,89.7782633
20/02/2020,60.8607081
21/02/2020,82.00709034
22/02/2020,60.11819912
23/02/2020,78.39522784
24/02/2020,80.00646528
25/02/2020,54.00950088
26/02/2020,7.355099075
27/02/2020,11.45817111
28/02/2020,43.36817159
29/02/2020,56.65089308
01/03/2020,20.94996809
02/03/2020,50.88570548
03/03/2020,80.35692451
04/03/2020,52.11348185
05/03/2020,66.68229928
06/03/2020,42.23315101
07/03/2020,35.68346455
08/03/2020,12.85470085
09/03/2020,3.884415492
10/03/2020,26.60384211
11/03/2020,71.56223725
12/03/2020,9.730604957
13/03/2020,0.015634536
14/03/2020,0.409299331
15/03/2020,0.260834064
16/03/2020,3.858570975
17/03/2020,11.78285096
18/03/2020,21.78025414
19/03/2020,0.537122229
20/03/2020,26.5204079
21/03/2020,23.94740224
22/03/2020,45.02770575
23/03/2020,4.814029364
24/03/2020,68.29209372
25/03/2020,34.9470299
26/03/2020,85.74862422
27/03/2020,96.1811765
28/03/2020,68.23482906
29/03/2020,84.76430422
30/03/2020,65.50605568
31/03/2020,63.74369077
01/04/2020,36.43030381
02/04/2020,67.11927051
03/04/2020,51.57984385
04/04/2020,56.47172246
05/04/2020,39.53904684
06/04/2020,31.72994319
07/04/2020,2.04969897
08/04/2020,16.7214261
09/04/2020,59.85950957
10/04/2020,38.04124567
11/04/2020,31.57740668
12/04/2020,12.86876003
13/04/2020,19.36474123
14/04/2020,48.16193546
15/04/2020,62.7752197
16/04/2020,58.34047029
17/04/2020,63.75373412
18/04/2020,75.57444941
19/04/2020,36.07376423
20/04/2020,3.468918926
21/04/2020,65.71302309
22/04/2020,18.80725207
23/04/2020,38.83423677
24/04/2020,26.27527186
25/04/2020,15.93574447
26/04/2020,89.62218988
27/04/2020,83.76549567
28/04/2020,98.04225256
29/04/2020,55.22460109
30/04/2020,87.68154019
01/05/2020,76.64976136
02/05/2020,92.35417431
03/05/2020,85.19243448
04/05/2020,55.26167268
05/05/2020,26.80638982
06/05/2020,48.27934567
07/05/2020,65.27884376
08/05/2020,67.0514488
09/05/2020,68.9758229
10/05/2020,12.78176499
11/05/2020,25.00759479
12/05/2020,28.31807598
13/05/2020,48.69573153
14/05/2020,65.05603851
15/05/2020,55.70616404
16/05/2020,32.30470676
17/05/2020,48.10323627
18/05/2020,38.47551314
19/05/2020,39.65771573
20/05/2020,31.3254579
21/05/2020,34.68960491
22/05/2020,73.31971685
23/05/2020,61.75773927
24/05/2020,8.607178623
25/05/2020,22.26823555
26/05/2020,51.55849181
27/05/2020,32.24223302
28/05/2020,8.363708143
29/05/2020,17.8339358
30/05/2020,43.82165931
31/05/2020,76.15898825
01/06/2020,43.53681254
02/06/2020,90.06190008
03/06/2020,50.49044722
04/06/2020,49.09623724
05/06/2020,41.77252252
06/06/2020,48.20462829
07/06/2020,72.2484995
08/06/2020,72.65098805
09/06/2020,43.36817159
10/06/2020,67.20638704
11/06/2020,45.61659707
12/06/2020,11.86768595
13/06/2020,8.324663461
14/06/2020,40.7351209
15/06/2020,16.98087467
16/06/2020,54.13704342
17/06/2020,59.10690114
18/06/2020,69.86332779
19/06/2020,68.65374869
20/06/2020,91.04401525
21/06/2020,82.31107882
22/06/2020,62.21665793
23/06/2020,66.52638045
24/06/2020,65.3579368
25/06/2020,62.96756123
26/06/2020,69.28703892
27/06/2020,74.4945012
28/06/2020,47.67646475
29/06/2020,56.66142831
30/06/2020,60.06649636
01/07/2020,49.9188502
02/07/2020,39.65255421
03/07/2020,24.19758147
04/07/2020,49.39534315
05/07/2020,57.00356143
06/07/2020,79.78836097
07/07/2020,53.71174339
08/07/2020,0.468336854
09/07/2020,54.21673597
10/07/2020,57.10872869
11/07/2020,74.18389252
12/07/2020,73.70122359
13/07/2020,69.61092193
14/07/2020,58.28298676
15/07/2020,35.30958388
16/07/2020,0.324341368
17/07/2020,16.7214261
18/07/2020,51.69193451
19/07/2020,37.75595762
20/07/2020,58.23071363
21/07/2020,82.54640515
22/07/2020,69.73256843
23/07/2020,83.16641324
24/07/2020,68.42077898
25/07/2020,78.94435396
26/07/2020,86.0392087
27/07/2020,76.3700083
28/07/2020,79.75439005
29/07/2020,47.90048968
30/07/2020,72.6197873
31/07/2020,79.29053614
01/08/2020,57.05615132
02/08/2020,24.36934926
03/08/2020,41.2921614
04/08/2020,67.05629507
05/08/2020,74.57614015
06/08/2020,21.19358592
07/08/2020,46.20645286
08/08/2020,27.55266297
09/08/2020,62.88661452
10/08/2020,79.32879187
11/08/2020,70.12872738
12/08/2020,57.47641205
13/08/2020,72.36507078
14/08/2020,72.60641017
15/08/2020,51.27019795
16/08/2020,70.55945075
17/08/2020,69.80264971
18/08/2020,82.09477744
19/08/2020,44.1332466
20/08/2020,59.75073026
21/08/2020,57.80153334
22/08/2020,35.37428955
23/08/2020,44.39758897
24/08/2020,53.14757473
25/08/2020,26.5599128
26/08/2020,62.98273236
27/08/2020,88.99321352
28/08/2020,60.68573903
29/08/2020,92.5691932
30/08/2020,94.81122401
31/08/2020,87.7441829
01/09/2020,98.56759068
02/09/2020,70.14266631
03/09/2020,66.79904966
04/09/2020,36.21924893
05/09/2020,34.00497658
06/09/2020,34.93711604
07/09/2020,0.468336854
08/09/2020,40.49102347
09/09/2020,68.73440197
10/09/2020,41.35474493
11/09/2020,8.638772396
12/09/2020,77.31684157
13/09/2020,68.86231405
14/09/2020,47.27127776
15/09/2020,85.05270469
16/09/2020,29.93923924
17/09/2020,82.18568629
18/09/2020,99.82883647
19/09/2020,98.87403801
20/09/2020,14.27135242
21/09/2020,45.26101654
22/09/2020,38.87529511
23/09/2020,41.36517766
24/09/2020,43.21018021
25/09/2020,64.37454819
26/09/2020,23.75655875
27/09/2020,38.10246414
28/09/2020,10.29984438
29/09/2020,35.57863742
30/09/2020,70.7484245
01/10/2020,42.469115
02/10/2020,17.819966
03/10/2020,20.30842876
04/10/2020,61.55835624
05/10/2020,76.50600077
06/10/2020,61.9670114
07/10/2020,71.31193586
08/10/2020,55.84360196
09/10/2020,71.87928524
10/10/2020,34.9569448
11/10/2020,64.31463255
12/10/2020,88.04335895
13/10/2020,54.40261878
14/10/2020,90.42424544
15/10/2020,66.74555923
16/10/2020,12.5425666
17/10/2020,49.08555573
18/10/2020,76.95209984
19/10/2020,41.07850218
20/10/2020,19.0392344
21/10/2020,14.33788612
22/10/2020,36.26946238
23/10/2020,46.19581705
24/10/2020,38.04124567
25/10/2020,23.28721664
26/10/2020,49.30453878
27/10/2020,60.59817323
28/10/2020,17.2053025
29/10/2020,89.48634642
30/10/2020,76.64155964
31/10/2020,39.71966806
01/11/2020,19.04651205
02/11/2020,47.93783381
03/11/2020,51.54781562
04/11/2020,60.58786784
05/11/2020,54.81121628
06/11/2020,42.65282975
07/11/2020,33.80892244
08/11/2020,43.20491568
09/11/2020,68.35884716
10/11/2020,66.01768497
11/11/2020,25.52106437
12/11/2020,60.19571995
13/11/2020,54.40792832
14/11/2020,0.468336854
15/11/2020,16.16755704
16/11/2020,0.468336854
17/11/2020,48.23131236
18/11/2020,25.64166226
19/11/2020,24.33158784
20/11/2020,45.03300639
21/11/2020,56.2765917
22/11/2020,33.37915207
23/11/2020,26.04868788
24/11/2020,32.11264015
25/11/2020,61.31254184
26/11/2020,9.751353099
27/11/2020,17.66675367
28/11/2020,92.76666585
29/11/2020,68.98054852
30/11/2020,6.212804814
01/12/2020,71.87025047
02/12/2020,29.21761555
03/12/2020,59.65743068
04/12/2020,46.37666223
05/12/2020,66.40437011
06/12/2020,43.7636085
07/12/2020,16.72813253
08/12/2020,31.94497327
09/12/2020,27.2671671
10/12/2020,54.40261878
11/12/2020,39.70417754
12/12/2020,10.65230214
13/12/2020,82.86501325
14/12/2020,42.52683649
15/12/2020,46.97822392
16/12/2020,75.27930825
17/12/2020,49.54490991
18/12/2020,10.17315266
19/12/2020,42.69484424
20/12/2020,42.17551296
21/12/2020,15.43727395
22/12/2020,9.813792174
23/12/2020,26.97872102
24/12/2020,7.486714787
25/12/2020,34.29986908
26/12/2020,52.42282453
27/12/2020,17.47986241
28/12/2020,24.75716344
29/12/2020,2.362034721
30/12/2020,35.29963293
31/12/2020,56.47172246
01/01/2021,64.32961478
02/01/2021,29.89738814
03/01/2021,29.34654037
04/01/2021,34.89251637
05/01/2021,33.90199381
06/01/2021,64.79295713
07/01/2021,41.27130513
08/01/2021,53.21680155
09/01/2021,66.78932667
10/01/2021,15.28502234
11/01/2021,0.286531323
12/01/2021,15.54892075
13/01/2021,1.773087805
14/01/2021,25.65460105
15/01/2021,38.44481077
16/01/2021,15.6932475
17/01/2021,12.19236612
18/01/2021,19.41256962
19/01/2021,19.91723088
20/01/2021,1.442489246
21/01/2021,3.176595512
22/01/2021,3.439236258
23/01/2021,18.65596605
24/01/2021,33.6670569
25/01/2021,60.95838956
26/01/2021,10.10431286
27/01/2021,6.590241317
28/01/2021,24.00148759
29/01/2021,59.47585785
30/01/2021,71.83861772
31/01/2021,24.75716344
01/02/2021,43.96948471
02/02/2021,82.42899158
03/02/2021,90.91988346
04/02/2021,80.62650417
05/02/2021,11.12467215
06/02/2021,39.50810564
07/02/2021,24.41974701
08/02/2021,47.39387228
09/02/2021,44.50868783
10/02/2021,6.839206971
11/02/2021,40.3717056
12/02/2021,74.80314365
13/02/2021,34.19162958
14/02/2021,42.96813836
15/02/2021,57.64952524
16/02/2021,76.90322113
17/02/2021,93.28115096
18/02/2021,99.89490128
19/02/2021,81.1407733
20/02/2021,43.08386511
21/02/2021,11.02094757
22/02/2021,2.144858018
23/02/2021,0.778302837
24/02/2021,16.78520718
25/02/2021,8.573573966
26/02/2021,17.4281717
27/02/2021,62.82080329
28/02/2021,6.301814666
01/03/2021,50.60262169
02/03/2021,54.47163666
03/03/2021,53.71706236
04/03/2021,64.49427293
05/03/2021,59.79735926
06/03/2021,76.27496994
07/03/2021,75.3215877
08/03/2021,50.54386417
09/03/2021,75.38071384
10/03/2021,81.40010155
11/03/2021,61.62996513
12/03/2021,66.30174761
13/03/2021,28.60429732
14/03/2021,62.03329323
15/03/2021,16.34532933
16/03/2021,40.55850321
17/03/2021,95.6352443
18/03/2021,78.6844496
19/03/2021,79.30966924
20/03/2021,67.24024046
21/03/2021,65.53071914
22/03/2021,62.27771861
23/03/2021,14.9118732
24/03/2021,38.67525391
25/03/2021,12.49014459
26/03/2021,50.43168756
27/03/2021,77.55016135
28/03/2021,21.81969561
29/03/2021,21.9422254
30/03/2021,18.00914018
31/03/2021,85.32513476
01/04/2021,79.121714
02/04/2021,72.68662448
03/04/2021,54.62555067
04/04/2021,67.06114106
05/04/2021,92.58611804
06/04/2021,36.87384389
07/04/2021,21.41542325
08/04/2021,46.94626402
09/04/2021,43.28916249
10/04/2021,89.27770388
11/04/2021,73.79289187
12/04/2021,50.11116719
13/04/2021,74.90132076
14/04/2021,78.14721679
15/04/2021,74.11026921
16/04/2021,45.95126998
17/04/2021,34.0344222
18/04/2021,0.663859056
19/04/2021,2.578885144
20/04/2021,19.13032776
21/04/2021,24.87584491
22/04/2021,8.489992151
23/04/2021,4.111601365
24/04/2021,75.75898991
25/04/2021,95.47438699
26/04/2021,89.26038943
27/04/2021,71.71191545
28/04/2021,88.92251775
29/04/2021,49.02680859
30/04/2021,46.03631293
01/05/2021,55.74317338
02/05/2021,19.64537103
03/05/2021,65.28873404
04/05/2021,73.0018858
05/05/2021,18.74232271
06/05/2021,92.95647974
07/05/2021,60.51570939
08/05/2021,32.77725996
09/05/2021,8.577769169
10/05/2021,34.02951392
11/05/2021,21.49749216
12/05/2021,9.430011276
13/05/2021,0.489197649
14/05/2021,2.371752002
15/05/2021,4.009975925
16/05/2021,0.669106459
17/05/2021,0.020332937
18/05/2021,4.66974625
19/05/2021,0.020332937
20/05/2021,2.446092527
21/05/2021,0.632893183
22/05/2021,3.596103598
23/05/2021,1.123439187
24/05/2021,7.693293114
25/05/2021,26.95659631
26/05/2021,56.5876718
27/05/2021,35.86842283
28/05/2021,11.0815799
29/05/2021,3.698847246
30/05/2021,9.94188795
31/05/2021,30.23761006
01/06/2021,53.49893107
02/06/2021,82.42206935
03/06/2021,69.29644821
04/06/2021,10.98820458
05/06/2021,6.597108584
06/06/2021,0.12218669
07/06/2021,32.19901131
08/06/2021,1.541914019
09/06/2021,0.652246498
10/06/2021,10.3696495
11/06/2021,52.96647551
12/06/2021,35.37428955
13/06/2021,93.03204077
14/06/2021,58.72149449
15/06/2021,76.66616002
16/06/2021,35.19520872
17/06/2021,71.16125565
18/06/2021,42.42190032
19/06/2021,10.50298006
20/06/2021,1.884827545
21/06/2021,0.486167713
22/06/2021,0.150089767
23/06/2021,17.819966
24/06/2021,39.33289764
25/06/2021,12.84065234
26/06/2021,0.92465131
27/06/2021,18.85784856
28/06/2021,63.87418026
29/06/2021,86.84672629
30/06/2021,54.21142365
01/07/2021,86.46602776
02/07/2021,71.42583859
03/07/2021,0.325394332
04/07/2021,3.921742844
05/07/2021,10.20173774
06/07/2021,8.330819284
07/07/2021,6.793408614
08/07/2021,9.136322356
09/07/2021,12.05207759
10/07/2021,2.718497547
11/07/2021,36.81830426
12/07/2021,33.3450583
13/07/2021,15.70933803
14/07/2021,45.35120364
15/07/2021,45.44672199
16/07/2021,42.36945233
17/07/2021,51.98543966
18/07/2021,43.58426413
19/07/2021,33.36453877
20/07/2021,0.614049934
21/07/2021,8.825871132
22/07/2021,26.9344807
23/07/2021,35.23497625
24/07/2021,30.17222754
25/07/2021,35.56367099
26/07/2021,34.48219872
27/07/2021,44.84753733
28/07/2021,62.08425522
29/07/2021,21.06577051
30/07/2021,38.15350229
31/07/2021,95.18411997
01/08/2021,87.91462378
02/08/2021,43.29442893
03/08/2021,47.65513276
04/08/2021,78.64160062
05/08/2021,84.82101909
06/08/2021,91.62314818
07/08/2021,97.45357008
08/08/2021,95.21753405
09/08/2021,70.8404018
10/08/2021,89.00832041
11/08/2021,93.36263952
12/08/2021,71.68019717
13/08/2021,83.37434967
14/08/2021,99.58542676
15/08/2021,59.41355711
16/08/2021,69.21171893
17/08/2021,43.27862996
18/08/2021,44.64629849
19/08/2021,42.77889803
20/08/2021,84.27011145
21/08/2021,97.40389248
22/08/2021,96.07327978
23/08/2021,99.78636705
24/08/2021,97.08318043
25/08/2021,95.30616901
26/08/2021,66.82821185
27/08/2021,59.83361663
28/08/2021,73.50424116
29/08/2021,28.75476941
30/08/2021,67.27407971
31/08/2021,49.7479032
01/09/2021,66.54588596
02/09/2021,83.44773309
03/09/2021,69.42804459
04/09/2021,96.21439409
05/09/2021,99.99584456
06/09/2021,96.75752239
07/09/2021,92.39065527
08/09/2021,32.37685391
09/09/2021,49.18169162
10/09/2021,34.02951392
11/09/2021,56.74569305
12/09/2021,64.3445948
13/09/2021,82.72158886
14/09/2021,77.00905186
15/09/2021,83.04829434
16/09/2021,24.61767812
17/09/2021,68.70120263
18/09/2021,77.1146106
19/09/2021,61.24588848
20/09/2021,21.99769075
21/09/2021,80.18961832
22/09/2021,81.2743165
23/09/2021,77.74221937
24/09/2021,42.63707647
25/09/2021,47.22331296
26/09/2021,94.07148359
27/09/2021,99.7118919
28/09/2021,88.61068951
29/09/2021,99.7701512
30/09/2021,78.96367494
01/10/2021,78.97140042
02/10/2021,92.24976511
03/10/2021,80.22314821
04/10/2021,95.34542697
05/10/2021,99.2181428
06/10/2021,85.58205512
07/10/2021,81.38216439
08/10/2021,85.39578546
09/10/2021,91.43401333
10/10/2021,94.41423205
11/10/2021,98.64980051
12/10/2021,83.02799211
13/10/2021,88.56156865
14/10/2021,91.60664777
15/10/2021,81.32109793
16/10/2021,78.76999698
17/10/2021,99.63071294
18/10/2021,98.9076283
19/10/2021,77.34507324
20/10/2021,87.31211681
21/10/2021,58.65891577
22/10/2021,73.35491434
23/10/2021,72.00562477
24/10/2021,77.83789601
25/10/2021,89.07361165
26/10/2021,83.48767197
27/10/2021,60.52086476
28/10/2021,73.94965559
29/10/2021,66.93019912
30/10/2021,82.99750955
31/10/2021,91.12606587
01/11/2021,83.9163403
02/11/2021,99.27868227
03/11/2021,98.73010289
04/11/2021,90.22698589
05/11/2021,63.77381797
06/11/2021,54.26985494
07/11/2021,72.6287036
08/11/2021,91.95805791
09/11/2021,85.90191185
10/11/2021,36.18913223
11/11/2021,25.98785687
12/11/2021,67.11927051
13/11/2021,37.97495945
14/11/2021,93.58572983
15/11/2021,99.98260757
16/11/2021,58.45016198
17/11/2021,41.65231413
18/11/2021,51.52112466
19/11/2021,40.01946744
20/11/2021,84.81787195
21/11/2021,89.06358502
22/11/2021,16.57765715
23/11/2021,37.83230931
24/11/2021,81.01027732
25/11/2021,97.73879529
26/11/2021,86.06596441
27/11/2021,83.01444863
28/11/2021,62.11482234
29/11/2021,75.58705573
30/11/2021,78.45795417
01/12/2021,70.51327423
02/12/2021,82.12627886
03/12/2021,77.83789601
04/12/2021,12.36112736
05/12/2021,58.37704145
06/12/2021,39.28140678
07/12/2021,52.82794626
08/12/2021,62.73468592
09/12/2021,50.98717823
10/12/2021,37.07097741
11/12/2021,35.3245122
12/12/2021,60.06132511
13/12/2021,52.94516561
14/12/2021,50.45839662
15/12/2021,57.78581371
16/12/2021,59.5692639
17/12/2021,54.86424446
18/12/2021,43.54208448
19/12/2021,6.518469071
20/12/2021,7.981394467
21/12/2021,82.78314989
22/12/2021,97.34683302
23/12/2021,52.66273218
24/12/2021,96.91180504
25/12/2021,36.05872554
26/12/2021,22.56881807
27/12/2021,59.69372041
28/12/2021,37.02545471
29/12/2021,16.68457171
30/12/2021,14.69523968
31/12/2021,78.08001338
01/01/2022,83.11922935
02/01/2022,76.80529031
03/01/2022,82.26934343
04/01/2022,44.34998859
05/01/2022,57.54987182
06/01/2022,14.94922346
07/01/2022,1.530526498
08/01/2022,0.182596681
09/01/2022,54.88015122
10/01/2022,66.27729575
11/01/2022,61.6657547
12/01/2022,76.86652415
13/01/2022,90.90016756
14/01/2022,79.41280706
15/01/2022,55.18752495
16/01/2022,52.16149212
17/01/2022,49.08555573
18/01/2022,25.9227622
19/01/2022,26.36268722
20/01/2022,10.75352368
21/01/2022,1.291855627
22/01/2022,0.680729045
23/01/2022,5.14287894
24/01/2022,2.603077275
25/01/2022,5.268369824
26/01/2022,20.06715147
27/01/2022,14.93054053
28/01/2022,65.32334181
29/01/2022,66.65308635
30/01/2022,50.52783918
31/01/2022,45.87687258
01/02/2022,32.65644448
02/02/2022,50.36224313
03/02/2022,30.01836372
04/02/2022,69.61092193
05/02/2022,83.25381519
06/02/2022,59.06007357
07/02/2022,69.3998664
08/02/2022,67.18219737
09/02/2022,46.73324931
10/02/2022,59.06007357
11/02/2022,59.68335276
12/02/2022,60.12336842
13/02/2022,64.68852031
14/02/2022,22.97314239
15/02/2022,11.91559484
16/02/2022,26.40207248
17/02/2022,31.18796621
18/02/2022,7.217893948
19/02/2022,13.12650229
20/02/2022,11.16024987
21/02/2022,12.49841156
22/02/2022,6.561117217
23/02/2022,29.62832078
24/02/2022,0.225326165
25/02/2022,19.95839164
26/02/2022,14.38640562
27/02/2022,15.4595608
28/02/2022,18.70631078
01/03/2022,43.29442893
02/03/2022,39.70417754
03/03/2022,45.93532648
04/03/2022,29.16244285
05/03/2022,21.23240723
06/03/2022,45.84499238
07/03/2022,14.5601557
08/03/2022,35.57863742
09/03/2022,54.54064104
10/03/2022,66.62873452
11/03/2022,60.48992975
12/03/2022,85.62457854
13/03/2022,60.61878179
14/03/2022,69.61092193
15/03/2022,98.16371653
16/03/2022,86.87811416
17/03/2022,51.41969289
18/03/2022,56.88782006
19/03/2022,73.79289187
20/03/2022,72.15417068
21/03/2022,40.85470471
22/03/2022,67.16284044
23/03/2022,39.55451992
24/03/2022,39.02423548
25/03/2022,54.04670511
26/03/2022,20.76546521
27/03/2022,52.77465657
28/03/2022,80.51599212
29/03/2022,68.92382036
30/03/2022,20.38039003
31/03/2022,59.19531771
01/04/2022,50.91240941
02/04/2022,68.0436322
03/04/2022,55.88059253
04/04/2022,62.89167536
05/04/2022,15.39276401
06/04/2022,18.74953023
07/04/2022,44.75219682
08/04/2022,14.79400887
09/04/2022,28.03774629
10/04/2022,41.62619216
11/04/2022,8.64721203
12/04/2022,24.23104549
13/04/2022,41.89280785
14/04/2022,60.91726891
15/04/2022,31.27327518
16/04/2022,33.5449452
17/04/2022,29.79983905
18/04/2022,21.86707966
19/04/2022,51.35562596
20/04/2022,52.1561578
21/04/2022,50.70945009
22/04/2022,27.43650313
23/04/2022,23.07485366
24/04/2022,12.82100233
25/04/2022,5.763815393
26/04/2022,7.507559603
27/04/2022,54.88015122
28/04/2022,79.20622623
29/04/2022,60.8709936
30/04/2022,45.46264429
01/05/2022,25.31073389
02/05/2022,35.19023891
03/05/2022,24.53755997
04/05/2022,45.62190697
05/05/2022,33.49614906
06/05/2022,5.297226626
07/05/2022,17.30451074
08/05/2022,2.575673789
09/05/2022,0.170033448
10/05/2022,1.726222763
11/05/2022,0.549000409
12/05/2022,0.313086722
13/05/2022,1.399413181
14/05/2022,3.606695789
15/05/2022,9.62734995
16/05/2022,4.343273272
17/05/2022,6.931517938
18/05/2022,31.02237657
19/05/2022,28.44057394
20/05/2022,16.03668942
21/05/2022,53.99355514
22/05/2022,58.81010971
23/05/2022,41.2869471
24/05/2022,32.57921783
25/05/2022,22.82307154
26/05/2022,7.089919049
27/05/2022,27.2271373
